Dataset,Accuracy,F1-Score
Training,0.5290581162324649,0.36611099000097175
Test,0.5057034220532319,0.33968967238929215
